{
  "Total" : {
    "transaction" : "Total",
    "sampleCount" : 100,
    "errorCount" : 0,
    "errorPct" : 0.0,
    "meanResTime" : 24584.78,
    "medianResTime" : 20990.0,
    "minResTime" : 2703.0,
    "maxResTime" : 58930.0,
    "pct1ResTime" : 41731.70000000001,
    "pct2ResTime" : 49040.99999999998,
    "pct3ResTime" : 58880.489999999976,
    "throughput" : 0.3761052793898068,
    "receivedKBytesPerSec" : 0.1164751037110308,
    "sentKBytesPerSec" : 0.12332874093116146
  },
  "Autorizar transacao" : {
    "transaction" : "Autorizar transacao",
    "sampleCount" : 100,
    "errorCount" : 0,
    "errorPct" : 0.0,
    "meanResTime" : 24584.78,
    "medianResTime" : 20990.0,
    "minResTime" : 2703.0,
    "maxResTime" : 58930.0,
    "pct1ResTime" : 41731.70000000001,
    "pct2ResTime" : 49040.99999999998,
    "pct3ResTime" : 58880.489999999976,
    "throughput" : 0.3761052793898068,
    "receivedKBytesPerSec" : 0.1164751037110308,
    "sentKBytesPerSec" : 0.12332874093116146
  }
}